<?xml version="1.0" encoding="utf-8"?>
<extension version="3.0" type="package" method="upgrade" client="administrator">
	<packagename>fastrack</packagename>
	<packager>Craig Rayner</packager>
	<name>Fastrack Reader / Viewer</name>
	<author>Hill Range Services</author>
	<creationDate>11th Feb 2015</creationDate>
	<copyright>This extension is released under the GNU/GPL License.</copyright>
	<license>http://www.gnu.org/copyleft/gpl.html
		GNU/GPL</license>
	<authorEmail>info@hillrange.com.au</authorEmail>
	<authorUrl>fastrack.hillrange.com.au</authorUrl>
	<version>Beta.0.0.1</version>
	<files>
		<file id="com_fastrack" type="component" client="site">com_fastrack.zip</file>
	</files>
	<updateservers>
		<server type="extension" priority="1" name="pkg_fastrack">https://sites.google.com/a/hillrange.com.au/fastrack/fastrack__upgrade.xml</server>
	</updateservers>
</extension>
